{
    "name": "root",
    "metadata": {
        "timer_format_version": "0.1.0",
        "start_time_seconds": "1596196272",
        "python_version": "3.7.7 (default, May  6 2020, 11:45:54) [MSC v.1916 64 bit (AMD64)]",
        "command_line_arguments": "C:\\Users\\tailz\\Anaconda3\\envs\\ml-agents-1.0.2\\Scripts\\mlagents-learn MNNConfig.yaml --run-id=test03",
        "mlagents_version": "0.17.0",
        "mlagents_envs_version": "0.17.0",
        "communication_protocol_version": "1.0.0",
        "tensorflow_version": "2.2.0",
        "end_time_seconds": "1596196312"
    },
    "total": 40.6799098,
    "count": 1,
    "self": 0.01569870000000151,
    "children": {
        "run_training.setup": {
            "total": 0.011169200000000323,
            "count": 1,
            "self": 0.011169200000000323
        },
        "TrainerController.start_learning": {
            "total": 40.6530419,
            "count": 1,
            "self": 6.79128620000003,
            "children": {
                "TrainerController._reset_env": {
                    "total": 10.3010146,
                    "count": 1,
                    "self": 10.3010146
                },
                "TrainerController.advance": {
                    "total": 22.517419299999965,
                    "count": 1571,
                    "self": 0.024892400000105397,
                    "children": {
                        "env_step": {
                            "total": 22.49252689999986,
                            "count": 1571,
                            "self": 17.72648329999996,
                            "children": {
                                "SubprocessEnvManager._take_step": {
                                    "total": 4.73818319999998,
                                    "count": 1571,
                                    "self": 0.18912550000009176,
                                    "children": {
                                        "NNPolicy.evaluate": {
                                            "total": 4.549057699999889,
                                            "count": 4713,
                                            "self": 4.549057699999889
                                        }
                                    }
                                },
                                "workers": {
                                    "total": 0.02786039999991985,
                                    "count": 1570,
                                    "self": 0.0,
                                    "children": {
                                        "worker_root": {
                                            "total": 28.20407139999994,
                                            "count": 1570,
                                            "is_parallel": true,
                                            "self": 14.41852649999996,
                                            "children": {
                                                "steps_from_proto": {
                                                    "total": 0.0010527999999982995,
                                                    "count": 3,
                                                    "is_parallel": true,
                                                    "self": 0.00035749999999978854,
                                                    "children": {
                                                        "_process_vector_observation": {
                                                            "total": 0.000695299999998511,
                                                            "count": 14,
                                                            "is_parallel": true,
                                                            "self": 0.000695299999998511
                                                        }
                                                    }
                                                },
                                                "UnityEnvironment.step": {
                                                    "total": 13.784492099999982,
                                                    "count": 1570,
                                                    "is_parallel": true,
                                                    "self": 0.2578740000002142,
                                                    "children": {
                                                        "UnityEnvironment._generate_step_input": {
                                                            "total": 0.18580450000002102,
                                                            "count": 1570,
                                                            "is_parallel": true,
                                                            "self": 0.18580450000002102
                                                        },
                                                        "communicator.exchange": {
                                                            "total": 12.124922700000024,
                                                            "count": 1570,
                                                            "is_parallel": true,
                                                            "self": 12.124922700000024
                                                        },
                                                        "steps_from_proto": {
                                                            "total": 1.2158908999997227,
                                                            "count": 4710,
                                                            "is_parallel": true,
                                                            "self": 0.4848626999999368,
                                                            "children": {
                                                                "_process_vector_observation": {
                                                                    "total": 0.7310281999997859,
                                                                    "count": 21980,
                                                                    "is_parallel": true,
                                                                    "self": 0.7310281999997859
                                                                }
                                                            }
                                                        }
                                                    }
                                                }
                                            }
                                        }
                                    }
                                }
                            }
                        }
                    }
                },
                "trainer_threads": {
                    "total": 5.019999999689162e-05,
                    "count": 1,
                    "self": 5.019999999689162e-05,
                    "children": {
                        "thread_root": {
                            "total": 0.0,
                            "count": 0,
                            "is_parallel": true,
                            "self": 0.0,
                            "children": {
                                "trainer_advance": {
                                    "total": 75.1923954999996,
                                    "count": 31274,
                                    "is_parallel": true,
                                    "self": 0.987533699999716,
                                    "children": {
                                        "process_trajectory": {
                                            "total": 69.40213759999989,
                                            "count": 31274,
                                            "is_parallel": true,