Steps,Policy/Entropy,Policy/Extrinsic Value Estimate,Environment/Episode Length,RBSWins,Environment/Cumulative Reward,Policy/Extrinsic Reward,Losses/Value Loss,Losses/Policy Loss,Policy/Learning Rate,Policy/Epsilon,Policy/Beta,Is Training
2000,1.4232314,2.5030246,100.63157894736842,19.0,-6.552631578947368,-6.552631578947368,3.5281296,0.14952405,0.00029938176,0.1997939,0.004989716,1.0
4000,1.4260678,0.6705492,102.15,39.0,-6.325,-6.325,0.2541187,0.13494334,0.0002982209,0.19940695,0.0049704066,1.0
6000,1.4287668,-0.32946944,100.73684210526316,58.0,-6.315789473684211,-6.315789473684211,0.15273716,0.14924327,0.00029698224,0.19899407,0.0049498044,1.0
8000,1.4361808,-0.29197055,103.42105263157895,77.0,-6.105263157894737,-6.105263157894737,0.16476229,0.14565852,0.0002958198,0.19860661,0.004930469,1.0
10000,1.4400729,-0.41893542,101.3,97.0,-6.15,-6.15,0.18971515,0.13861395,0.00029465806,0.19821936,0.004911145,1.0
